<?xml version="1.0" encoding="UTF-8"?>
<Configuration>
	<Appenders>
		<Console name="Console" target="SYSTEM_OUT">
			<PatternLayout
				pattern="%style{%d{ISO8601}}{black} %highlight{%-5level }[%style{%t}{bright,blue}] %style{%C{1.}}{bright,yellow}: %msg%n%throwable" />
		</Console>

		<RollingFile name="RollingFile"
			fileName="/apps/opt/NGRM/logs/MSFramework/serviceregistry.log"
			filePattern="/apps/opt/NGRM/logs/MSFramework/$${date:yyyy-MM}/serviceregistry-%d{-dd-MMMM-yyyy}-%i.log.gz">
			<PatternLayout>
				<pattern>%d %p %C{1.} [%t] - %m %n</pattern>
			</PatternLayout>
			<Policies>
				<!-- rollover on startup, daily and when the file reaches 10 MegaBytes -->
				<OnStartupTriggeringPolicy />
				<SizeBasedTriggeringPolicy size="10 MB" />
				<TimeBasedTriggeringPolicy />
			</Policies>
		</RollingFile>
	</Appenders>

	<Loggers>
		<!-- LOG everything at INFO level -->
		<Root level="info">
			<!-- <AppenderRef ref="Console" /> -->
			<AppenderRef ref="RollingFile" />
			<AppenderRef ref="CustomLog4j2Appender" />
		</Root>

		<!-- LOG "com.*" at TRACE level -->
		<Logger name="com.*" level="info"></Logger>
		<logger name="org.hibernate.type">
			<level value="info" />
		</logger>
	</Loggers>

</Configuration>